{
  "thr_pct": 95.0,
  "thr_val": -0.0023229577849611105,
  "precision": 0.024749381265468363,
  "recall": 0.14122681883024252,
  "f1": 0.04211780221650252,
  "AUC": 0.7119782820934201,
  "AP": 0.019182634059475404
}