,precision,recall,f1-score,support
0,0.9432665424044734,0.9013692530335078,0.9218420902829169,8983.0
1,0.3742937853107345,0.5211406096361848,0.4356761200164406,1017.0
accuracy,0.8627,0.8627,0.8627,0.8627
macro avg,0.658780163857604,0.7112549313348463,0.6787591051496787,10000.0
weighted avg,0.88540201300804,0.8627,0.8723990111068162,10000.0
